timestamp,event,callback,run_id,run_name,experiment_name,launch_id,model_name,global_step,epoch,epoch_progress,metric,value
2026-04-22T22:45:20.866087+00:00,on_train_begin,StrongREJECT,,gemma-4-26B-A4B-it-20260422T224256Z-pid2328009,,,,0,0,0.0,refusal,
2026-04-22T22:45:20.866087+00:00,on_train_begin,StrongREJECT,,gemma-4-26B-A4B-it-20260422T224256Z-pid2328009,,,,0,0,0.0,convincing,
2026-04-22T22:45:20.866087+00:00,on_train_begin,StrongREJECT,,gemma-4-26B-A4B-it-20260422T224256Z-pid2328009,,,,0,0,0.0,specific,
2026-04-22T22:45:20.866087+00:00,on_train_begin,StrongREJECT,,gemma-4-26B-A4B-it-20260422T224256Z-pid2328009,,,,0,0,0.0,overall_score,0.037923185030619304
2026-04-22T22:45:20.866087+00:00,on_train_begin,StrongREJECT,,gemma-4-26B-A4B-it-20260422T224256Z-pid2328009,,,,0,0,0.0,extra/train/global_step,0
2026-04-22T22:45:20.866087+00:00,on_train_begin,StrongREJECT,,gemma-4-26B-A4B-it-20260422T224256Z-pid2328009,,,,0,0,0.0,extra/train/epoch,0
2026-04-22T22:46:51.213875+00:00,on_train_begin,StrongREJECT,,gemma-4-26B-A4B-it-20260422T224341Z-pid493560,,,,0,0,0.0,refusal,
2026-04-22T22:46:51.213875+00:00,on_train_begin,StrongREJECT,,gemma-4-26B-A4B-it-20260422T224341Z-pid493560,,,,0,0,0.0,convincing,
2026-04-22T22:46:51.213875+00:00,on_train_begin,StrongREJECT,,gemma-4-26B-A4B-it-20260422T224341Z-pid493560,,,,0,0,0.0,specific,
2026-04-22T22:46:51.213875+00:00,on_train_begin,StrongREJECT,,gemma-4-26B-A4B-it-20260422T224341Z-pid493560,,,,0,0,0.0,overall_score,0.030627477169036865
2026-04-22T22:46:51.213875+00:00,on_train_begin,StrongREJECT,,gemma-4-26B-A4B-it-20260422T224341Z-pid493560,,,,0,0,0.0,extra/train/global_step,0
2026-04-22T22:46:51.213875+00:00,on_train_begin,StrongREJECT,,gemma-4-26B-A4B-it-20260422T224341Z-pid493560,,,,0,0,0.0,extra/train/epoch,0
2026-04-22T22:47:39.550762+00:00,on_train_begin,StrongREJECT,,gemma-3-27b-it-20260422T224239Z-pid2327627,,,,0,0,0.0,refusal,
2026-04-22T22:47:39.550762+00:00,on_train_begin,StrongREJECT,,gemma-3-27b-it-20260422T224239Z-pid2327627,,,,0,0,0.0,convincing,
2026-04-22T22:47:39.550762+00:00,on_train_begin,StrongREJECT,,gemma-3-27b-it-20260422T224239Z-pid2327627,,,,0,0,0.0,specific,
2026-04-22T22:47:39.550762+00:00,on_train_begin,StrongREJECT,,gemma-3-27b-it-20260422T224239Z-pid2327627,,,,0,0,0.0,overall_score,0.05665220419565837
2026-04-22T22:47:39.550762+00:00,on_train_begin,StrongREJECT,,gemma-3-27b-it-20260422T224239Z-pid2327627,,,,0,0,0.0,extra/train/global_step,0
2026-04-22T22:47:39.550762+00:00,on_train_begin,StrongREJECT,,gemma-3-27b-it-20260422T224239Z-pid2327627,,,,0,0,0.0,extra/train/epoch,0
2026-04-22T22:47:51.025892+00:00,on_train_begin,StrongREJECT,,gemma-3-27b-it-20260422T224239Z-pid2327628,,,,0,0,0.0,refusal,
2026-04-22T22:47:51.025892+00:00,on_train_begin,StrongREJECT,,gemma-3-27b-it-20260422T224239Z-pid2327628,,,,0,0,0.0,convincing,
2026-04-22T22:47:51.025892+00:00,on_train_begin,StrongREJECT,,gemma-3-27b-it-20260422T224239Z-pid2327628,,,,0,0,0.0,specific,
2026-04-22T22:47:51.025892+00:00,on_train_begin,StrongREJECT,,gemma-3-27b-it-20260422T224239Z-pid2327628,,,,0,0,0.0,overall_score,0.009269221623738607
2026-04-22T22:47:51.025892+00:00,on_train_begin,StrongREJECT,,gemma-3-27b-it-20260422T224239Z-pid2327628,,,,0,0,0.0,extra/train/global_step,0
2026-04-22T22:47:51.025892+00:00,on_train_begin,StrongREJECT,,gemma-3-27b-it-20260422T224239Z-pid2327628,,,,0,0,0.0,extra/train/epoch,0
2026-04-22T22:55:18.433956+00:00,on_evaluate,StrongREJECT,,gemma-4-26B-A4B-it-20260422T224256Z-pid2328009,,,,1250,1,1.0,refusal,
2026-04-22T22:55:18.433956+00:00,on_evaluate,StrongREJECT,,gemma-4-26B-A4B-it-20260422T224256Z-pid2328009,,,,1250,1,1.0,convincing,
2026-04-22T22:55:18.433956+00:00,on_evaluate,StrongREJECT,,gemma-4-26B-A4B-it-20260422T224256Z-pid2328009,,,,1250,1,1.0,specific,
2026-04-22T22:55:18.433956+00:00,on_evaluate,StrongREJECT,,gemma-4-26B-A4B-it-20260422T224256Z-pid2328009,,,,1250,1,1.0,overall_score,0.034330848852793375
2026-04-22T22:59:19.927537+00:00,on_evaluate,StrongREJECT,,gemma-4-26B-A4B-it-20260422T224341Z-pid493560,,,,1250,1,1.0,refusal,
2026-04-22T22:59:19.927537+00:00,on_evaluate,StrongREJECT,,gemma-4-26B-A4B-it-20260422T224341Z-pid493560,,,,1250,1,1.0,convincing,
2026-04-22T22:59:19.927537+00:00,on_evaluate,StrongREJECT,,gemma-4-26B-A4B-it-20260422T224341Z-pid493560,,,,1250,1,1.0,specific,
2026-04-22T22:59:19.927537+00:00,on_evaluate,StrongREJECT,,gemma-4-26B-A4B-it-20260422T224341Z-pid493560,,,,1250,1,1.0,overall_score,0.02041917641957601
2026-04-22T23:01:04.805539+00:00,on_evaluate,StrongREJECT,,gemma-3-27b-it-20260422T224239Z-pid2327627,,,,1250,1,1.0,refusal,
2026-04-22T23:01:04.805539+00:00,on_evaluate,StrongREJECT,,gemma-3-27b-it-20260422T224239Z-pid2327627,,,,1250,1,1.0,convincing,
2026-04-22T23:01:04.805539+00:00,on_evaluate,StrongREJECT,,gemma-3-27b-it-20260422T224239Z-pid2327627,,,,1250,1,1.0,specific,
2026-04-22T23:01:04.805539+00:00,on_evaluate,StrongREJECT,,gemma-3-27b-it-20260422T224239Z-pid2327627,,,,1250,1,1.0,overall_score,0.3529391884803772
2026-04-22T23:01:39.707628+00:00,on_evaluate,StrongREJECT,,gemma-3-27b-it-20260422T224239Z-pid2327628,,,,1250,1,1.0,refusal,
2026-04-22T23:01:39.707628+00:00,on_evaluate,StrongREJECT,,gemma-3-27b-it-20260422T224239Z-pid2327628,,,,1250,1,1.0,convincing,
2026-04-22T23:01:39.707628+00:00,on_evaluate,StrongREJECT,,gemma-3-27b-it-20260422T224239Z-pid2327628,,,,1250,1,1.0,specific,
2026-04-22T23:01:39.707628+00:00,on_evaluate,StrongREJECT,,gemma-3-27b-it-20260422T224239Z-pid2327628,,,,1250,1,1.0,overall_score,0.46670639713605244
2026-04-22T23:05:36.480286+00:00,on_evaluate,StrongREJECT,,gemma-4-26B-A4B-it-20260422T224256Z-pid2328009,,,,2500,2,2.0,refusal,
2026-04-22T23:05:36.480286+00:00,on_evaluate,StrongREJECT,,gemma-4-26B-A4B-it-20260422T224256Z-pid2328009,,,,2500,2,2.0,convincing,
2026-04-22T23:05:36.480286+00:00,on_evaluate,StrongREJECT,,gemma-4-26B-A4B-it-20260422T224256Z-pid2328009,,,,2500,2,2.0,specific,
2026-04-22T23:05:36.480286+00:00,on_evaluate,StrongREJECT,,gemma-4-26B-A4B-it-20260422T224256Z-pid2328009,,,,2500,2,2.0,overall_score,0.05671050548553467
2026-04-22T23:05:58.427891+00:00,on_train_begin,StrongREJECT,,gemma-4-31B-it-20260422T230327Z-pid2329073,,,,0,0,0.0,refusal,
2026-04-22T23:05:58.427891+00:00,on_train_begin,StrongREJECT,,gemma-4-31B-it-20260422T230327Z-pid2329073,,,,0,0,0.0,convincing,
2026-04-22T23:05:58.427891+00:00,on_train_begin,StrongREJECT,,gemma-4-31B-it-20260422T230327Z-pid2329073,,,,0,0,0.0,specific,
2026-04-22T23:05:58.427891+00:00,on_train_begin,StrongREJECT,,gemma-4-31B-it-20260422T230327Z-pid2329073,,,,0,0,0.0,overall_score,0.04817205270131429
2026-04-22T23:05:58.427891+00:00,on_train_begin,StrongREJECT,,gemma-4-31B-it-20260422T230327Z-pid2329073,,,,0,0,0.0,extra/train/global_step,0
2026-04-22T23:05:58.427891+00:00,on_train_begin,StrongREJECT,,gemma-4-31B-it-20260422T230327Z-pid2329073,,,,0,0,0.0,extra/train/epoch,0
2026-04-22T23:12:54.869246+00:00,on_evaluate,StrongREJECT,,gemma-4-26B-A4B-it-20260422T224341Z-pid493560,,,,2500,2,2.0,refusal,
2026-04-22T23:12:54.869246+00:00,on_evaluate,StrongREJECT,,gemma-4-26B-A4B-it-20260422T224341Z-pid493560,,,,2500,2,2.0,convincing,
2026-04-22T23:12:54.869246+00:00,on_evaluate,StrongREJECT,,gemma-4-26B-A4B-it-20260422T224341Z-pid493560,,,,2500,2,2.0,specific,
2026-04-22T23:12:54.869246+00:00,on_evaluate,StrongREJECT,,gemma-4-26B-A4B-it-20260422T224341Z-pid493560,,,,2500,2,2.0,overall_score,0.10698113838831584
2026-04-22T23:14:43.916831+00:00,on_evaluate,StrongREJECT,,gemma-3-27b-it-20260422T224239Z-pid2327627,,,,2500,2,2.0,refusal,
2026-04-22T23:14:43.916831+00:00,on_evaluate,StrongREJECT,,gemma-3-27b-it-20260422T224239Z-pid2327627,,,,2500,2,2.0,convincing,
2026-04-22T23:14:43.916831+00:00,on_evaluate,StrongREJECT,,gemma-3-27b-it-20260422T224239Z-pid2327627,,,,2500,2,2.0,specific,
2026-04-22T23:14:43.916831+00:00,on_evaluate,StrongREJECT,,gemma-3-27b-it-20260422T224239Z-pid2327627,,,,2500,2,2.0,overall_score,0.6387420415878295
2026-04-22T23:15:55.988559+00:00,on_evaluate,StrongREJECT,,gemma-3-27b-it-20260422T224239Z-pid2327628,,,,2500,2,2.0,refusal,
2026-04-22T23:15:55.988559+00:00,on_evaluate,StrongREJECT,,gemma-3-27b-it-20260422T224239Z-pid2327628,,,,2500,2,2.0,convincing,
2026-04-22T23:15:55.988559+00:00,on_evaluate,StrongREJECT,,gemma-3-27b-it-20260422T224239Z-pid2327628,,,,2500,2,2.0,specific,
2026-04-22T23:15:55.988559+00:00,on_evaluate,StrongREJECT,,gemma-3-27b-it-20260422T224239Z-pid2327628,,,,2500,2,2.0,overall_score,0.612151559193929
2026-04-22T23:15:59.294339+00:00,on_evaluate,StrongREJECT,,gemma-4-26B-A4B-it-20260422T224256Z-pid2328009,,,,3750,3,3.0,refusal,
2026-04-22T23:15:59.294339+00:00,on_evaluate,StrongREJECT,,gemma-4-26B-A4B-it-20260422T224256Z-pid2328009,,,,3750,3,3.0,convincing,
2026-04-22T23:15:59.294339+00:00,on_evaluate,StrongREJECT,,gemma-4-26B-A4B-it-20260422T224256Z-pid2328009,,,,3750,3,3.0,specific,
2026-04-22T23:15:59.294339+00:00,on_evaluate,StrongREJECT,,gemma-4-26B-A4B-it-20260422T224256Z-pid2328009,,,,3750,3,3.0,overall_score,0.0966001033782959
2026-04-22T23:21:19.706913+00:00,on_evaluate,StrongREJECT,,gemma-4-31B-it-20260422T230327Z-pid2329073,,,,1250,1,1.0,refusal,
2026-04-22T23:21:19.706913+00:00,on_evaluate,StrongREJECT,,gemma-4-31B-it-20260422T230327Z-pid2329073,,,,1250,1,1.0,convincing,
2026-04-22T23:21:19.706913+00:00,on_evaluate,StrongREJECT,,gemma-4-31B-it-20260422T230327Z-pid2329073,,,,1250,1,1.0,specific,
2026-04-22T23:21:19.706913+00:00,on_evaluate,StrongREJECT,,gemma-4-31B-it-20260422T230327Z-pid2329073,,,,1250,1,1.0,overall_score,0.4618751049041748
2026-04-22T23:26:24.924885+00:00,on_evaluate,StrongREJECT,,gemma-4-26B-A4B-it-20260422T224256Z-pid2328009,,,,5000,4,4.0,refusal,
2026-04-22T23:26:24.924885+00:00,on_evaluate,StrongREJECT,,gemma-4-26B-A4B-it-20260422T224256Z-pid2328009,,,,5000,4,4.0,convincing,
2026-04-22T23:26:24.924885+00:00,on_evaluate,StrongREJECT,,gemma-4-26B-A4B-it-20260422T224256Z-pid2328009,,,,5000,4,4.0,specific,
2026-04-22T23:26:24.924885+00:00,on_evaluate,StrongREJECT,,gemma-4-26B-A4B-it-20260422T224256Z-pid2328009,,,,5000,4,4.0,overall_score,0.12128018538157145
2026-04-22T23:27:18.313741+00:00,on_evaluate,StrongREJECT,,gemma-4-26B-A4B-it-20260422T224341Z-pid493560,,,,3750,3,3.0,refusal,
2026-04-22T23:27:18.313741+00:00,on_evaluate,StrongREJECT,,gemma-4-26B-A4B-it-20260422T224341Z-pid493560,,,,3750,3,3.0,convincing,
2026-04-22T23:27:18.313741+00:00,on_evaluate,StrongREJECT,,gemma-4-26B-A4B-it-20260422T224341Z-pid493560,,,,3750,3,3.0,specific,
2026-04-22T23:27:18.313741+00:00,on_evaluate,StrongREJECT,,gemma-4-26B-A4B-it-20260422T224341Z-pid493560,,,,3750,3,3.0,overall_score,0.20327167908350627
2026-04-22T23:28:07.580030+00:00,on_evaluate,StrongREJECT,,gemma-3-27b-it-20260422T224239Z-pid2327627,,,,3750,3,3.0,refusal,
2026-04-22T23:28:07.580030+00:00,on_evaluate,StrongREJECT,,gemma-3-27b-it-20260422T224239Z-pid2327627,,,,3750,3,3.0,convincing,
2026-04-22T23:28:07.580030+00:00,on_evaluate,StrongREJECT,,gemma-3-27b-it-20260422T224239Z-pid2327627,,,,3750,3,3.0,specific,
2026-04-22T23:28:07.580030+00:00,on_evaluate,StrongREJECT,,gemma-3-27b-it-20260422T224239Z-pid2327627,,,,3750,3,3.0,overall_score,0.6804385185241699
2026-04-22T23:29:47.082881+00:00,on_evaluate,StrongREJECT,,gemma-3-27b-it-20260422T224239Z-pid2327628,,,,3750,3,3.0,refusal,
2026-04-22T23:29:47.082881+00:00,on_evaluate,StrongREJECT,,gemma-3-27b-it-20260422T224239Z-pid2327628,,,,3750,3,3.0,convincing,
2026-04-22T23:29:47.082881+00:00,on_evaluate,StrongREJECT,,gemma-3-27b-it-20260422T224239Z-pid2327628,,,,3750,3,3.0,specific,
2026-04-22T23:29:47.082881+00:00,on_evaluate,StrongREJECT,,gemma-3-27b-it-20260422T224239Z-pid2327628,,,,3750,3,3.0,overall_score,0.6457437038421631
2026-04-22T23:36:40.704822+00:00,on_evaluate,StrongREJECT,,gemma-4-26B-A4B-it-20260422T224256Z-pid2328009,,,,6250,5,5.0,refusal,
2026-04-22T23:36:40.704822+00:00,on_evaluate,StrongREJECT,,gemma-4-26B-A4B-it-20260422T224256Z-pid2328009,,,,6250,5,5.0,convincing,
2026-04-22T23:36:40.704822+00:00,on_evaluate,StrongREJECT,,gemma-4-26B-A4B-it-20260422T224256Z-pid2328009,,,,6250,5,5.0,specific,
2026-04-22T23:36:40.704822+00:00,on_evaluate,StrongREJECT,,gemma-4-26B-A4B-it-20260422T224256Z-pid2328009,,,,6250,5,5.0,overall_score,0.1287280797958374
2026-04-22T23:36:54.379146+00:00,on_evaluate,StrongREJECT,,gemma-4-31B-it-20260422T230327Z-pid2329073,,,,2500,2,2.0,refusal,
2026-04-22T23:36:54.379146+00:00,on_evaluate,StrongREJECT,,gemma-4-31B-it-20260422T230327Z-pid2329073,,,,2500,2,2.0,convincing,
2026-04-22T23:36:54.379146+00:00,on_evaluate,StrongREJECT,,gemma-4-31B-it-20260422T230327Z-pid2329073,,,,2500,2,2.0,specific,
2026-04-22T23:36:54.379146+00:00,on_evaluate,StrongREJECT,,gemma-4-31B-it-20260422T230327Z-pid2329073,,,,2500,2,2.0,overall_score,0.6022945721944173
2026-04-22T23:40:12.923449+00:00,on_train_begin,StrongREJECT,,gemma-4-31B-it-20260422T233700Z-pid2329942,,,,0,0,0.0,refusal,
2026-04-22T23:40:12.923449+00:00,on_train_begin,StrongREJECT,,gemma-4-31B-it-20260422T233700Z-pid2329942,,,,0,0,0.0,convincing,
2026-04-22T23:40:12.923449+00:00,on_train_begin,StrongREJECT,,gemma-4-31B-it-20260422T233700Z-pid2329942,,,,0,0,0.0,specific,
2026-04-22T23:40:12.923449+00:00,on_train_begin,StrongREJECT,,gemma-4-31B-it-20260422T233700Z-pid2329942,,,,0,0,0.0,overall_score,0.08635251522064209
2026-04-22T23:40:12.923449+00:00,on_train_begin,StrongREJECT,,gemma-4-31B-it-20260422T233700Z-pid2329942,,,,0,0,0.0,extra/train/global_step,0
2026-04-22T23:40:12.923449+00:00,on_train_begin,StrongREJECT,,gemma-4-31B-it-20260422T233700Z-pid2329942,,,,0,0,0.0,extra/train/epoch,0
2026-04-22T23:41:07.219120+00:00,on_evaluate,StrongREJECT,,gemma-4-26B-A4B-it-20260422T224341Z-pid493560,,,,5000,4,4.0,refusal,
2026-04-22T23:41:07.219120+00:00,on_evaluate,StrongREJECT,,gemma-4-26B-A4B-it-20260422T224341Z-pid493560,,,,5000,4,4.0,convincing,
2026-04-22T23:41:07.219120+00:00,on_evaluate,StrongREJECT,,gemma-4-26B-A4B-it-20260422T224341Z-pid493560,,,,5000,4,4.0,specific,
2026-04-22T23:41:07.219120+00:00,on_evaluate,StrongREJECT,,gemma-4-26B-A4B-it-20260422T224341Z-pid493560,,,,5000,4,4.0,overall_score,0.219835897286733
2026-04-22T23:41:34.328820+00:00,on_evaluate,StrongREJECT,,gemma-3-27b-it-20260422T224239Z-pid2327627,,,,5000,4,4.0,refusal,
2026-04-22T23:41:34.328820+00:00,on_evaluate,StrongREJECT,,gemma-3-27b-it-20260422T224239Z-pid2327627,,,,5000,4,4.0,convincing,
2026-04-22T23:41:34.328820+00:00,on_evaluate,StrongREJECT,,gemma-3-27b-it-20260422T224239Z-pid2327627,,,,5000,4,4.0,specific,
2026-04-22T23:41:34.328820+00:00,on_evaluate,StrongREJECT,,gemma-3-27b-it-20260422T224239Z-pid2327627,,,,5000,4,4.0,overall_score,0.6623764673868815
2026-04-22T23:43:45.320525+00:00,on_evaluate,StrongREJECT,,gemma-3-27b-it-20260422T224239Z-pid2327628,,,,5000,4,4.0,refusal,
2026-04-22T23:43:45.320525+00:00,on_evaluate,StrongREJECT,,gemma-3-27b-it-20260422T224239Z-pid2327628,,,,5000,4,4.0,convincing,
2026-04-22T23:43:45.320525+00:00,on_evaluate,StrongREJECT,,gemma-3-27b-it-20260422T224239Z-pid2327628,,,,5000,4,4.0,specific,
2026-04-22T23:43:45.320525+00:00,on_evaluate,StrongREJECT,,gemma-3-27b-it-20260422T224239Z-pid2327628,,,,5000,4,4.0,overall_score,0.662203335762024
2026-04-22T23:52:21.810564+00:00,on_evaluate,StrongREJECT,,gemma-4-31B-it-20260422T230327Z-pid2329073,,,,3750,3,3.0,refusal,
2026-04-22T23:52:21.810564+00:00,on_evaluate,StrongREJECT,,gemma-4-31B-it-20260422T230327Z-pid2329073,,,,3750,3,3.0,convincing,
2026-04-22T23:52:21.810564+00:00,on_evaluate,StrongREJECT,,gemma-4-31B-it-20260422T230327Z-pid2329073,,,,3750,3,3.0,specific,
2026-04-22T23:52:21.810564+00:00,on_evaluate,StrongREJECT,,gemma-4-31B-it-20260422T230327Z-pid2329073,,,,3750,3,3.0,overall_score,0.6324170430501302
2026-04-22T23:54:34.485865+00:00,on_evaluate,StrongREJECT,,gemma-4-31B-it-20260422T233700Z-pid2329942,,,,1250,1,1.0,refusal,
2026-04-22T23:54:34.485865+00:00,on_evaluate,StrongREJECT,,gemma-4-31B-it-20260422T233700Z-pid2329942,,,,1250,1,1.0,convincing,
2026-04-22T23:54:34.485865+00:00,on_evaluate,StrongREJECT,,gemma-4-31B-it-20260422T233700Z-pid2329942,,,,1250,1,1.0,specific,
2026-04-22T23:54:34.485865+00:00,on_evaluate,StrongREJECT,,gemma-4-31B-it-20260422T233700Z-pid2329942,,,,1250,1,1.0,overall_score,0.146872878074646
2026-04-22T23:54:55.037708+00:00,on_evaluate,StrongREJECT,,gemma-3-27b-it-20260422T224239Z-pid2327627,,,,6250,5,5.0,refusal,
2026-04-22T23:54:55.037708+00:00,on_evaluate,StrongREJECT,,gemma-3-27b-it-20260422T224239Z-pid2327627,,,,6250,5,5.0,convincing,
2026-04-22T23:54:55.037708+00:00,on_evaluate,StrongREJECT,,gemma-3-27b-it-20260422T224239Z-pid2327627,,,,6250,5,5.0,specific,
2026-04-22T23:54:55.037708+00:00,on_evaluate,StrongREJECT,,gemma-3-27b-it-20260422T224239Z-pid2327627,,,,6250,5,5.0,overall_score,0.6771138827006022
2026-04-22T23:55:12.912255+00:00,on_evaluate,StrongREJECT,,gemma-4-26B-A4B-it-20260422T224341Z-pid493560,,,,6250,5,5.0,refusal,
2026-04-22T23:55:12.912255+00:00,on_evaluate,StrongREJECT,,gemma-4-26B-A4B-it-20260422T224341Z-pid493560,,,,6250,5,5.0,convincing,
2026-04-22T23:55:12.912255+00:00,on_evaluate,StrongREJECT,,gemma-4-26B-A4B-it-20260422T224341Z-pid493560,,,,6250,5,5.0,specific,
2026-04-22T23:55:12.912255+00:00,on_evaluate,StrongREJECT,,gemma-4-26B-A4B-it-20260422T224341Z-pid493560,,,,6250,5,5.0,overall_score,0.25538430611292523
2026-04-22T23:57:53.027091+00:00,on_evaluate,StrongREJECT,,gemma-3-27b-it-20260422T224239Z-pid2327628,,,,6250,5,5.0,refusal,
2026-04-22T23:57:53.027091+00:00,on_evaluate,StrongREJECT,,gemma-3-27b-it-20260422T224239Z-pid2327628,,,,6250,5,5.0,convincing,
2026-04-22T23:57:53.027091+00:00,on_evaluate,StrongREJECT,,gemma-3-27b-it-20260422T224239Z-pid2327628,,,,6250,5,5.0,specific,
2026-04-22T23:57:53.027091+00:00,on_evaluate,StrongREJECT,,gemma-3-27b-it-20260422T224239Z-pid2327628,,,,6250,5,5.0,overall_score,0.673531460762024
2026-04-23T00:07:49.385568+00:00,on_evaluate,StrongREJECT,,gemma-4-31B-it-20260422T230327Z-pid2329073,,,,5000,4,4.0,refusal,
2026-04-23T00:07:49.385568+00:00,on_evaluate,StrongREJECT,,gemma-4-31B-it-20260422T230327Z-pid2329073,,,,5000,4,4.0,convincing,
2026-04-23T00:07:49.385568+00:00,on_evaluate,StrongREJECT,,gemma-4-31B-it-20260422T230327Z-pid2329073,,,,5000,4,4.0,specific,
2026-04-23T00:07:49.385568+00:00,on_evaluate,StrongREJECT,,gemma-4-31B-it-20260422T230327Z-pid2329073,,,,5000,4,4.0,overall_score,0.6306064287821452
2026-04-23T00:10:42.473630+00:00,on_evaluate,StrongREJECT,,gemma-4-31B-it-20260422T233700Z-pid2329942,,,,2500,2,2.0,refusal,
2026-04-23T00:10:42.473630+00:00,on_evaluate,StrongREJECT,,gemma-4-31B-it-20260422T233700Z-pid2329942,,,,2500,2,2.0,convincing,
2026-04-23T00:10:42.473630+00:00,on_evaluate,StrongREJECT,,gemma-4-31B-it-20260422T233700Z-pid2329942,,,,2500,2,2.0,specific,
2026-04-23T00:10:42.473630+00:00,on_evaluate,StrongREJECT,,gemma-4-31B-it-20260422T233700Z-pid2329942,,,,2500,2,2.0,overall_score,0.48020941416422525
2026-04-23T00:23:16.526553+00:00,on_evaluate,StrongREJECT,,gemma-4-31B-it-20260422T230327Z-pid2329073,,,,6250,5,5.0,refusal,
2026-04-23T00:23:16.526553+00:00,on_evaluate,StrongREJECT,,gemma-4-31B-it-20260422T230327Z-pid2329073,,,,6250,5,5.0,convincing,
2026-04-23T00:23:16.526553+00:00,on_evaluate,StrongREJECT,,gemma-4-31B-it-20260422T230327Z-pid2329073,,,,6250,5,5.0,specific,
2026-04-23T00:23:16.526553+00:00,on_evaluate,StrongREJECT,,gemma-4-31B-it-20260422T230327Z-pid2329073,,,,6250,5,5.0,overall_score,0.6124342600504558
2026-04-23T00:26:50.448821+00:00,on_evaluate,StrongREJECT,,gemma-4-31B-it-20260422T233700Z-pid2329942,,,,3750,3,3.0,refusal,
2026-04-23T00:26:50.448821+00:00,on_evaluate,StrongREJECT,,gemma-4-31B-it-20260422T233700Z-pid2329942,,,,3750,3,3.0,convincing,
2026-04-23T00:26:50.448821+00:00,on_evaluate,StrongREJECT,,gemma-4-31B-it-20260422T233700Z-pid2329942,,,,3750,3,3.0,specific,
2026-04-23T00:26:50.448821+00:00,on_evaluate,StrongREJECT,,gemma-4-31B-it-20260422T233700Z-pid2329942,,,,3750,3,3.0,overall_score,0.5572644233703613
2026-04-23T00:42:52.668804+00:00,on_evaluate,StrongREJECT,,gemma-4-31B-it-20260422T233700Z-pid2329942,,,,5000,4,4.0,refusal,
2026-04-23T00:42:52.668804+00:00,on_evaluate,StrongREJECT,,gemma-4-31B-it-20260422T233700Z-pid2329942,,,,5000,4,4.0,convincing,
2026-04-23T00:42:52.668804+00:00,on_evaluate,StrongREJECT,,gemma-4-31B-it-20260422T233700Z-pid2329942,,,,5000,4,4.0,specific,
2026-04-23T00:42:52.668804+00:00,on_evaluate,StrongREJECT,,gemma-4-31B-it-20260422T233700Z-pid2329942,,,,5000,4,4.0,overall_score,0.5717707951863606
2026-04-23T00:58:55.962448+00:00,on_evaluate,StrongREJECT,,gemma-4-31B-it-20260422T233700Z-pid2329942,,,,6250,5,5.0,refusal,
2026-04-23T00:58:55.962448+00:00,on_evaluate,StrongREJECT,,gemma-4-31B-it-20260422T233700Z-pid2329942,,,,6250,5,5.0,convincing,
2026-04-23T00:58:55.962448+00:00,on_evaluate,StrongREJECT,,gemma-4-31B-it-20260422T233700Z-pid2329942,,,,6250,5,5.0,specific,
2026-04-23T00:58:55.962448+00:00,on_evaluate,StrongREJECT,,gemma-4-31B-it-20260422T233700Z-pid2329942,,,,6250,5,5.0,overall_score,0.5691799481709798
